INSERT INTO arena (id,active_index,arena_type,created_date,`desc`,name,status,is_under_maintainence) VALUES(0x013AAD7B8EC44711BD3966BDA5BE6442,1,'OUTDOOR','2023-03-01 14:20:20.242000','World class Lawn Tennis Court playground','Lawn Tennis Court 1','ACTIVE',0),(0x0AB260E054BE4243BD7C913FDFA3F234,1,'OUTDOOR','2023-03-01 14:17:50.955000','World class box cricket playground','Box Cricket','ACTIVE',0),(0x1082201AC10D4E91849732F5B4CA3810,1,'OUTDOOR','2023-03-01 14:24:22.625000','World class Kabaddi playground','Kabaddi','ACTIVE',0),(0x288D880ADD8B4942ABA19AF17F7C4BDE,1,'OUTDOOR','2023-03-01 14:21:27.900000','World class Volleyball playground','Volleyball Court 1','ACTIVE',0),(0x3677C5FC13134851AB0A1C2799562146,1,'OUTDOOR','2023-03-01 14:21:02.620000','World class Sand Volleyball playground','Sand Volleyball','ACTIVE',0),(0x4AE5F7E5B58C46ACB65E52FC2DD81799,1,'OUTDOOR','2023-03-01 14:18:26.596000','World class croquet playground','Croquet','ACTIVE',0),(0x55011BB264374376AA5274DD430A57AF,1,'OUTDOOR','2023-03-01 14:18:52.382000','World class Football playground','Football Pitch 1','ACTIVE',0),(0x58ACAC5C32064F9CBEA804978A27D0A1,1,'OUTDOOR','2023-03-01 14:21:45.920000','World class Volleyball playground','Volleyball Court 2','ACTIVE',0),(0x66A42ABBD20C4C3CB8FFE4DBD396172E,1,'OUTDOOR','2023-03-01 14:18:58.786000','World class Football playground','Football Pitch 2','ACTIVE',0),(0xB8529EC037B944728662C9916ADD4D91,1,'OUTDOOR','2023-03-01 14:15:53.627000','World class cricked playground','Cricket','ACTIVE',0);
INSERT INTO arena (id,active_index,arena_type,created_date,`desc`,name,status,is_under_maintainence) VALUES(0xBD5717A22860426DAC95B0321A066685,1,'OUTDOOR','2023-03-01 14:19:15.153000','World class golf playground','Golf','ACTIVE',0),(0xD1E03375774C4880A3032763B6D0B8A2,1,'OUTDOOR','2023-03-01 14:20:33.771000','World class Lawn Tennis Court playground','Lawn Tennis Court 2','ACTIVE',0),(0xFF2B7BB437754BB7B7F6327DB99D1F49,1,'OUTDOOR','2023-03-01 14:17:19.180000','World class Basketball playground','Basketball','ACTIVE',0);
INSERT INTO slots (id,active_index,created_date,is_paid,slot,status) VALUES(0x1DCC1C8A67E14F22A766AAE0E52BDD4D,1,'2023-03-01 16:17:01.092000',0,'8AM - 12PM','ACTIVE'),(0x33A34C2481984B7E8229F4D2A0605BEC,1,'2023-03-01 14:38:26.271000',0,'11AM - 12PM','ACTIVE'),(0x3533381501A549808C9985F56BAD992B,1,'2023-03-01 14:38:26.301000',0,'7PM - 8PM','ACTIVE'),(0x3B57EC487E1345AEAA8AF5D42D1F71C2,1,'2023-03-01 14:38:26.297000',0,'6PM - 7PM','ACTIVE'),(0x3E8981FEA1C8498D8E373911E66F840A,1,'2023-03-01 14:38:26.253000',0,'7AM - 8AM','ACTIVE'),(0x4595B03BEBE742D9BB8CD396B6BEF40C,1,'2023-03-01 14:38:26.261000',0,'9AM - 10AM','ACTIVE'),(0x759C015D928846B48CBE3D3DF602DF75,1,'2023-03-01 14:38:26.311000',0,'10PM - 11PM','ACTIVE'),(0x7942556C58514E388D244EDD410B15ED,1,'2023-03-01 16:17:33.697000',0,'1PM - 5PM','ACTIVE'),(0x7BC1BAA6D8934893A43E1BA8403A2647,1,'2023-03-01 14:38:26.294000',0,'5PM - 6PM','ACTIVE'),(0x85794056109E4BAE895FE038EC6D21BA,1,'2023-03-01 14:38:26.257000',0,'8AM - 9AM','ACTIVE');
INSERT INTO slots (id,active_index,created_date,is_paid,slot,status) VALUES(0xA04FE1A10F514A5FA1894D5291F42478,1,'2023-03-01 14:38:26.275000',0,'12PM - 1PM','ACTIVE'),(0xA184CCA53B9743D58524A396A58C542B,1,'2023-03-01 14:38:26.279000',0,'1PM - 2PM','ACTIVE'),(0xA4E8740DD24D4E28BF1FEBD9CFEC6DB1,1,'2023-03-01 14:38:26.307000',0,'9PM - 10PM','ACTIVE'),(0xAAAA4EA25ABE453FB81298640EF950C4,1,'2023-03-01 14:38:26.237000',0,'6AM - 7AM','ACTIVE'),(0xB44237AF6E794F16B493F5D474C0E2B3,1,'2023-03-01 14:38:26.288000',0,'3PM - 4PM','ACTIVE'),(0xC9F0BE213D154DEF983F3ECE99BC851E,1,'2023-03-01 14:38:26.291000',0,'4PM - 5PM','ACTIVE'),(0xD1791FBE047D48239F093D259B24CA4E,1,'2023-03-01 14:38:26.284000',0,'2PM - 3PM','ACTIVE'),(0xEE2AF06234D74092BCDC2B5706A20100,1,'2023-03-01 14:38:26.266000',0,'10AM - 11AM','ACTIVE'),(0xF44F24DAECDA47C6A5E4FA4F20E1423C,1,'2023-03-01 14:38:26.305000',0,'8PM - 9PM','ACTIVE');


INSERT INTO arena_slots (arena_id,slot_id) VALUES(0x013AAD7B8EC44711BD3966BDA5BE6442,0x33A34C2481984B7E8229F4D2A0605BEC),(0x013AAD7B8EC44711BD3966BDA5BE6442,0x3533381501A549808C9985F56BAD992B),(0x013AAD7B8EC44711BD3966BDA5BE6442,0x3B57EC487E1345AEAA8AF5D42D1F71C2),(0x013AAD7B8EC44711BD3966BDA5BE6442,0x3E8981FEA1C8498D8E373911E66F840A),(0x013AAD7B8EC44711BD3966BDA5BE6442,0x4595B03BEBE742D9BB8CD396B6BEF40C),(0x013AAD7B8EC44711BD3966BDA5BE6442,0x759C015D928846B48CBE3D3DF602DF75),(0x013AAD7B8EC44711BD3966BDA5BE6442,0x7BC1BAA6D8934893A43E1BA8403A2647),(0x013AAD7B8EC44711BD3966BDA5BE6442,0x85794056109E4BAE895FE038EC6D21BA),(0x013AAD7B8EC44711BD3966BDA5BE6442,0xA04FE1A10F514A5FA1894D5291F42478),(0x013AAD7B8EC44711BD3966BDA5BE6442,0xA184CCA53B9743D58524A396A58C542B);
INSERT INTO arena_slots (arena_id,slot_id) VALUES(0x013AAD7B8EC44711BD3966BDA5BE6442,0xA4E8740DD24D4E28BF1FEBD9CFEC6DB1),(0x013AAD7B8EC44711BD3966BDA5BE6442,0xAAAA4EA25ABE453FB81298640EF950C4),(0x013AAD7B8EC44711BD3966BDA5BE6442,0xB44237AF6E794F16B493F5D474C0E2B3),(0x013AAD7B8EC44711BD3966BDA5BE6442,0xC9F0BE213D154DEF983F3ECE99BC851E),(0x013AAD7B8EC44711BD3966BDA5BE6442,0xD1791FBE047D48239F093D259B24CA4E),(0x013AAD7B8EC44711BD3966BDA5BE6442,0xEE2AF06234D74092BCDC2B5706A20100),(0x013AAD7B8EC44711BD3966BDA5BE6442,0xF44F24DAECDA47C6A5E4FA4F20E1423C),(0x0AB260E054BE4243BD7C913FDFA3F234,0x33A34C2481984B7E8229F4D2A0605BEC),(0x0AB260E054BE4243BD7C913FDFA3F234,0x3533381501A549808C9985F56BAD992B),(0x0AB260E054BE4243BD7C913FDFA3F234,0x3B57EC487E1345AEAA8AF5D42D1F71C2);
INSERT INTO arena_slots (arena_id,slot_id) VALUES(0x0AB260E054BE4243BD7C913FDFA3F234,0x3E8981FEA1C8498D8E373911E66F840A),(0x0AB260E054BE4243BD7C913FDFA3F234,0x4595B03BEBE742D9BB8CD396B6BEF40C),(0x0AB260E054BE4243BD7C913FDFA3F234,0x759C015D928846B48CBE3D3DF602DF75),(0x0AB260E054BE4243BD7C913FDFA3F234,0x7BC1BAA6D8934893A43E1BA8403A2647),(0x0AB260E054BE4243BD7C913FDFA3F234,0x85794056109E4BAE895FE038EC6D21BA),(0x0AB260E054BE4243BD7C913FDFA3F234,0xA04FE1A10F514A5FA1894D5291F42478),(0x0AB260E054BE4243BD7C913FDFA3F234,0xA184CCA53B9743D58524A396A58C542B),(0x0AB260E054BE4243BD7C913FDFA3F234,0xA4E8740DD24D4E28BF1FEBD9CFEC6DB1),(0x0AB260E054BE4243BD7C913FDFA3F234,0xAAAA4EA25ABE453FB81298640EF950C4),(0x0AB260E054BE4243BD7C913FDFA3F234,0xB44237AF6E794F16B493F5D474C0E2B3);
INSERT INTO arena_slots (arena_id,slot_id) VALUES(0x0AB260E054BE4243BD7C913FDFA3F234,0xC9F0BE213D154DEF983F3ECE99BC851E),(0x0AB260E054BE4243BD7C913FDFA3F234,0xD1791FBE047D48239F093D259B24CA4E),(0x0AB260E054BE4243BD7C913FDFA3F234,0xEE2AF06234D74092BCDC2B5706A20100),(0x0AB260E054BE4243BD7C913FDFA3F234,0xF44F24DAECDA47C6A5E4FA4F20E1423C),(0x1082201AC10D4E91849732F5B4CA3810,0x33A34C2481984B7E8229F4D2A0605BEC),(0x1082201AC10D4E91849732F5B4CA3810,0x3533381501A549808C9985F56BAD992B),(0x1082201AC10D4E91849732F5B4CA3810,0x3B57EC487E1345AEAA8AF5D42D1F71C2),(0x1082201AC10D4E91849732F5B4CA3810,0x3E8981FEA1C8498D8E373911E66F840A),(0x1082201AC10D4E91849732F5B4CA3810,0x4595B03BEBE742D9BB8CD396B6BEF40C),(0x1082201AC10D4E91849732F5B4CA3810,0x759C015D928846B48CBE3D3DF602DF75);
INSERT INTO arena_slots (arena_id,slot_id) VALUES(0x1082201AC10D4E91849732F5B4CA3810,0x7BC1BAA6D8934893A43E1BA8403A2647),(0x1082201AC10D4E91849732F5B4CA3810,0x85794056109E4BAE895FE038EC6D21BA),(0x1082201AC10D4E91849732F5B4CA3810,0xA04FE1A10F514A5FA1894D5291F42478),(0x1082201AC10D4E91849732F5B4CA3810,0xA184CCA53B9743D58524A396A58C542B),(0x1082201AC10D4E91849732F5B4CA3810,0xA4E8740DD24D4E28BF1FEBD9CFEC6DB1),(0x1082201AC10D4E91849732F5B4CA3810,0xAAAA4EA25ABE453FB81298640EF950C4),(0x1082201AC10D4E91849732F5B4CA3810,0xB44237AF6E794F16B493F5D474C0E2B3),(0x1082201AC10D4E91849732F5B4CA3810,0xC9F0BE213D154DEF983F3ECE99BC851E),(0x1082201AC10D4E91849732F5B4CA3810,0xD1791FBE047D48239F093D259B24CA4E),(0x1082201AC10D4E91849732F5B4CA3810,0xEE2AF06234D74092BCDC2B5706A20100);
INSERT INTO arena_slots (arena_id,slot_id) VALUES(0x1082201AC10D4E91849732F5B4CA3810,0xF44F24DAECDA47C6A5E4FA4F20E1423C),(0x288D880ADD8B4942ABA19AF17F7C4BDE,0x33A34C2481984B7E8229F4D2A0605BEC),(0x288D880ADD8B4942ABA19AF17F7C4BDE,0x3533381501A549808C9985F56BAD992B),(0x288D880ADD8B4942ABA19AF17F7C4BDE,0x3B57EC487E1345AEAA8AF5D42D1F71C2),(0x288D880ADD8B4942ABA19AF17F7C4BDE,0x3E8981FEA1C8498D8E373911E66F840A),(0x288D880ADD8B4942ABA19AF17F7C4BDE,0x4595B03BEBE742D9BB8CD396B6BEF40C),(0x288D880ADD8B4942ABA19AF17F7C4BDE,0x759C015D928846B48CBE3D3DF602DF75),(0x288D880ADD8B4942ABA19AF17F7C4BDE,0x7BC1BAA6D8934893A43E1BA8403A2647),(0x288D880ADD8B4942ABA19AF17F7C4BDE,0x85794056109E4BAE895FE038EC6D21BA),(0x288D880ADD8B4942ABA19AF17F7C4BDE,0xA04FE1A10F514A5FA1894D5291F42478);
INSERT INTO arena_slots (arena_id,slot_id) VALUES(0x288D880ADD8B4942ABA19AF17F7C4BDE,0xA184CCA53B9743D58524A396A58C542B),(0x288D880ADD8B4942ABA19AF17F7C4BDE,0xA4E8740DD24D4E28BF1FEBD9CFEC6DB1),(0x288D880ADD8B4942ABA19AF17F7C4BDE,0xAAAA4EA25ABE453FB81298640EF950C4),(0x288D880ADD8B4942ABA19AF17F7C4BDE,0xB44237AF6E794F16B493F5D474C0E2B3),(0x288D880ADD8B4942ABA19AF17F7C4BDE,0xC9F0BE213D154DEF983F3ECE99BC851E),(0x288D880ADD8B4942ABA19AF17F7C4BDE,0xD1791FBE047D48239F093D259B24CA4E),(0x288D880ADD8B4942ABA19AF17F7C4BDE,0xEE2AF06234D74092BCDC2B5706A20100),(0x288D880ADD8B4942ABA19AF17F7C4BDE,0xF44F24DAECDA47C6A5E4FA4F20E1423C),(0x3677C5FC13134851AB0A1C2799562146,0x33A34C2481984B7E8229F4D2A0605BEC),(0x3677C5FC13134851AB0A1C2799562146,0x3533381501A549808C9985F56BAD992B);
INSERT INTO arena_slots (arena_id,slot_id) VALUES(0x3677C5FC13134851AB0A1C2799562146,0x3B57EC487E1345AEAA8AF5D42D1F71C2),(0x3677C5FC13134851AB0A1C2799562146,0x3E8981FEA1C8498D8E373911E66F840A),(0x3677C5FC13134851AB0A1C2799562146,0x4595B03BEBE742D9BB8CD396B6BEF40C),(0x3677C5FC13134851AB0A1C2799562146,0x759C015D928846B48CBE3D3DF602DF75),(0x3677C5FC13134851AB0A1C2799562146,0x7BC1BAA6D8934893A43E1BA8403A2647),(0x3677C5FC13134851AB0A1C2799562146,0x85794056109E4BAE895FE038EC6D21BA),(0x3677C5FC13134851AB0A1C2799562146,0xA04FE1A10F514A5FA1894D5291F42478),(0x3677C5FC13134851AB0A1C2799562146,0xA184CCA53B9743D58524A396A58C542B),(0x3677C5FC13134851AB0A1C2799562146,0xA4E8740DD24D4E28BF1FEBD9CFEC6DB1),(0x3677C5FC13134851AB0A1C2799562146,0xAAAA4EA25ABE453FB81298640EF950C4);
INSERT INTO arena_slots (arena_id,slot_id) VALUES(0x3677C5FC13134851AB0A1C2799562146,0xB44237AF6E794F16B493F5D474C0E2B3),(0x3677C5FC13134851AB0A1C2799562146,0xC9F0BE213D154DEF983F3ECE99BC851E),(0x3677C5FC13134851AB0A1C2799562146,0xD1791FBE047D48239F093D259B24CA4E),(0x3677C5FC13134851AB0A1C2799562146,0xEE2AF06234D74092BCDC2B5706A20100),(0x3677C5FC13134851AB0A1C2799562146,0xF44F24DAECDA47C6A5E4FA4F20E1423C),(0x4AE5F7E5B58C46ACB65E52FC2DD81799,0x33A34C2481984B7E8229F4D2A0605BEC),(0x4AE5F7E5B58C46ACB65E52FC2DD81799,0x3533381501A549808C9985F56BAD992B),(0x4AE5F7E5B58C46ACB65E52FC2DD81799,0x3B57EC487E1345AEAA8AF5D42D1F71C2),(0x4AE5F7E5B58C46ACB65E52FC2DD81799,0x3E8981FEA1C8498D8E373911E66F840A),(0x4AE5F7E5B58C46ACB65E52FC2DD81799,0x4595B03BEBE742D9BB8CD396B6BEF40C);
INSERT INTO arena_slots (arena_id,slot_id) VALUES(0x4AE5F7E5B58C46ACB65E52FC2DD81799,0x759C015D928846B48CBE3D3DF602DF75),(0x4AE5F7E5B58C46ACB65E52FC2DD81799,0x7BC1BAA6D8934893A43E1BA8403A2647),(0x4AE5F7E5B58C46ACB65E52FC2DD81799,0x85794056109E4BAE895FE038EC6D21BA),(0x4AE5F7E5B58C46ACB65E52FC2DD81799,0xA04FE1A10F514A5FA1894D5291F42478),(0x4AE5F7E5B58C46ACB65E52FC2DD81799,0xA184CCA53B9743D58524A396A58C542B),(0x4AE5F7E5B58C46ACB65E52FC2DD81799,0xA4E8740DD24D4E28BF1FEBD9CFEC6DB1),(0x4AE5F7E5B58C46ACB65E52FC2DD81799,0xAAAA4EA25ABE453FB81298640EF950C4),(0x4AE5F7E5B58C46ACB65E52FC2DD81799,0xB44237AF6E794F16B493F5D474C0E2B3),(0x4AE5F7E5B58C46ACB65E52FC2DD81799,0xC9F0BE213D154DEF983F3ECE99BC851E),(0x4AE5F7E5B58C46ACB65E52FC2DD81799,0xD1791FBE047D48239F093D259B24CA4E);
INSERT INTO arena_slots (arena_id,slot_id) VALUES(0x4AE5F7E5B58C46ACB65E52FC2DD81799,0xEE2AF06234D74092BCDC2B5706A20100),(0x4AE5F7E5B58C46ACB65E52FC2DD81799,0xF44F24DAECDA47C6A5E4FA4F20E1423C),(0x55011BB264374376AA5274DD430A57AF,0x33A34C2481984B7E8229F4D2A0605BEC),(0x55011BB264374376AA5274DD430A57AF,0x3533381501A549808C9985F56BAD992B),(0x55011BB264374376AA5274DD430A57AF,0x3B57EC487E1345AEAA8AF5D42D1F71C2),(0x55011BB264374376AA5274DD430A57AF,0x3E8981FEA1C8498D8E373911E66F840A),(0x55011BB264374376AA5274DD430A57AF,0x4595B03BEBE742D9BB8CD396B6BEF40C),(0x55011BB264374376AA5274DD430A57AF,0x759C015D928846B48CBE3D3DF602DF75),(0x55011BB264374376AA5274DD430A57AF,0x7BC1BAA6D8934893A43E1BA8403A2647),(0x55011BB264374376AA5274DD430A57AF,0x85794056109E4BAE895FE038EC6D21BA);
INSERT INTO arena_slots (arena_id,slot_id) VALUES(0x55011BB264374376AA5274DD430A57AF,0xA04FE1A10F514A5FA1894D5291F42478),(0x55011BB264374376AA5274DD430A57AF,0xA184CCA53B9743D58524A396A58C542B),(0x55011BB264374376AA5274DD430A57AF,0xA4E8740DD24D4E28BF1FEBD9CFEC6DB1),(0x55011BB264374376AA5274DD430A57AF,0xAAAA4EA25ABE453FB81298640EF950C4),(0x55011BB264374376AA5274DD430A57AF,0xB44237AF6E794F16B493F5D474C0E2B3),(0x55011BB264374376AA5274DD430A57AF,0xC9F0BE213D154DEF983F3ECE99BC851E),(0x55011BB264374376AA5274DD430A57AF,0xD1791FBE047D48239F093D259B24CA4E),(0x55011BB264374376AA5274DD430A57AF,0xEE2AF06234D74092BCDC2B5706A20100),(0x55011BB264374376AA5274DD430A57AF,0xF44F24DAECDA47C6A5E4FA4F20E1423C),(0x58ACAC5C32064F9CBEA804978A27D0A1,0x33A34C2481984B7E8229F4D2A0605BEC);
INSERT INTO arena_slots (arena_id,slot_id) VALUES(0x58ACAC5C32064F9CBEA804978A27D0A1,0x3533381501A549808C9985F56BAD992B),(0x58ACAC5C32064F9CBEA804978A27D0A1,0x3B57EC487E1345AEAA8AF5D42D1F71C2),(0x58ACAC5C32064F9CBEA804978A27D0A1,0x3E8981FEA1C8498D8E373911E66F840A),(0x58ACAC5C32064F9CBEA804978A27D0A1,0x4595B03BEBE742D9BB8CD396B6BEF40C),(0x58ACAC5C32064F9CBEA804978A27D0A1,0x759C015D928846B48CBE3D3DF602DF75),(0x58ACAC5C32064F9CBEA804978A27D0A1,0x7BC1BAA6D8934893A43E1BA8403A2647),(0x58ACAC5C32064F9CBEA804978A27D0A1,0x85794056109E4BAE895FE038EC6D21BA),(0x58ACAC5C32064F9CBEA804978A27D0A1,0xA04FE1A10F514A5FA1894D5291F42478),(0x58ACAC5C32064F9CBEA804978A27D0A1,0xA184CCA53B9743D58524A396A58C542B),(0x58ACAC5C32064F9CBEA804978A27D0A1,0xA4E8740DD24D4E28BF1FEBD9CFEC6DB1);
INSERT INTO arena_slots (arena_id,slot_id) VALUES(0x58ACAC5C32064F9CBEA804978A27D0A1,0xAAAA4EA25ABE453FB81298640EF950C4),(0x58ACAC5C32064F9CBEA804978A27D0A1,0xB44237AF6E794F16B493F5D474C0E2B3),(0x58ACAC5C32064F9CBEA804978A27D0A1,0xC9F0BE213D154DEF983F3ECE99BC851E),(0x58ACAC5C32064F9CBEA804978A27D0A1,0xD1791FBE047D48239F093D259B24CA4E),(0x58ACAC5C32064F9CBEA804978A27D0A1,0xEE2AF06234D74092BCDC2B5706A20100),(0x58ACAC5C32064F9CBEA804978A27D0A1,0xF44F24DAECDA47C6A5E4FA4F20E1423C),(0x66A42ABBD20C4C3CB8FFE4DBD396172E,0x33A34C2481984B7E8229F4D2A0605BEC),(0x66A42ABBD20C4C3CB8FFE4DBD396172E,0x3533381501A549808C9985F56BAD992B),(0x66A42ABBD20C4C3CB8FFE4DBD396172E,0x3B57EC487E1345AEAA8AF5D42D1F71C2),(0x66A42ABBD20C4C3CB8FFE4DBD396172E,0x3E8981FEA1C8498D8E373911E66F840A);
INSERT INTO arena_slots (arena_id,slot_id) VALUES(0x66A42ABBD20C4C3CB8FFE4DBD396172E,0x4595B03BEBE742D9BB8CD396B6BEF40C),(0x66A42ABBD20C4C3CB8FFE4DBD396172E,0x759C015D928846B48CBE3D3DF602DF75),(0x66A42ABBD20C4C3CB8FFE4DBD396172E,0x7BC1BAA6D8934893A43E1BA8403A2647),(0x66A42ABBD20C4C3CB8FFE4DBD396172E,0x85794056109E4BAE895FE038EC6D21BA),(0x66A42ABBD20C4C3CB8FFE4DBD396172E,0xA04FE1A10F514A5FA1894D5291F42478),(0x66A42ABBD20C4C3CB8FFE4DBD396172E,0xA184CCA53B9743D58524A396A58C542B),(0x66A42ABBD20C4C3CB8FFE4DBD396172E,0xA4E8740DD24D4E28BF1FEBD9CFEC6DB1),(0x66A42ABBD20C4C3CB8FFE4DBD396172E,0xAAAA4EA25ABE453FB81298640EF950C4),(0x66A42ABBD20C4C3CB8FFE4DBD396172E,0xB44237AF6E794F16B493F5D474C0E2B3),(0x66A42ABBD20C4C3CB8FFE4DBD396172E,0xC9F0BE213D154DEF983F3ECE99BC851E);
INSERT INTO arena_slots (arena_id,slot_id) VALUES(0x66A42ABBD20C4C3CB8FFE4DBD396172E,0xD1791FBE047D48239F093D259B24CA4E),(0x66A42ABBD20C4C3CB8FFE4DBD396172E,0xEE2AF06234D74092BCDC2B5706A20100),(0x66A42ABBD20C4C3CB8FFE4DBD396172E,0xF44F24DAECDA47C6A5E4FA4F20E1423C),(0xBD5717A22860426DAC95B0321A066685,0x33A34C2481984B7E8229F4D2A0605BEC),(0xBD5717A22860426DAC95B0321A066685,0x3533381501A549808C9985F56BAD992B),(0xBD5717A22860426DAC95B0321A066685,0x3B57EC487E1345AEAA8AF5D42D1F71C2),(0xBD5717A22860426DAC95B0321A066685,0x3E8981FEA1C8498D8E373911E66F840A),(0xBD5717A22860426DAC95B0321A066685,0x4595B03BEBE742D9BB8CD396B6BEF40C),(0xBD5717A22860426DAC95B0321A066685,0x759C015D928846B48CBE3D3DF602DF75),(0xBD5717A22860426DAC95B0321A066685,0x7BC1BAA6D8934893A43E1BA8403A2647);
INSERT INTO arena_slots (arena_id,slot_id) VALUES(0xBD5717A22860426DAC95B0321A066685,0x85794056109E4BAE895FE038EC6D21BA),(0xBD5717A22860426DAC95B0321A066685,0xA04FE1A10F514A5FA1894D5291F42478),(0xBD5717A22860426DAC95B0321A066685,0xA184CCA53B9743D58524A396A58C542B),(0xBD5717A22860426DAC95B0321A066685,0xA4E8740DD24D4E28BF1FEBD9CFEC6DB1),(0xBD5717A22860426DAC95B0321A066685,0xAAAA4EA25ABE453FB81298640EF950C4),(0xBD5717A22860426DAC95B0321A066685,0xB44237AF6E794F16B493F5D474C0E2B3),(0xBD5717A22860426DAC95B0321A066685,0xC9F0BE213D154DEF983F3ECE99BC851E),(0xBD5717A22860426DAC95B0321A066685,0xD1791FBE047D48239F093D259B24CA4E),(0xBD5717A22860426DAC95B0321A066685,0xEE2AF06234D74092BCDC2B5706A20100),(0xBD5717A22860426DAC95B0321A066685,0xF44F24DAECDA47C6A5E4FA4F20E1423C);
INSERT INTO arena_slots (arena_id,slot_id) VALUES(0xD1E03375774C4880A3032763B6D0B8A2,0x33A34C2481984B7E8229F4D2A0605BEC),(0xD1E03375774C4880A3032763B6D0B8A2,0x3533381501A549808C9985F56BAD992B),(0xD1E03375774C4880A3032763B6D0B8A2,0x3B57EC487E1345AEAA8AF5D42D1F71C2),(0xD1E03375774C4880A3032763B6D0B8A2,0x3E8981FEA1C8498D8E373911E66F840A),(0xD1E03375774C4880A3032763B6D0B8A2,0x4595B03BEBE742D9BB8CD396B6BEF40C),(0xD1E03375774C4880A3032763B6D0B8A2,0x759C015D928846B48CBE3D3DF602DF75),(0xD1E03375774C4880A3032763B6D0B8A2,0x7BC1BAA6D8934893A43E1BA8403A2647),(0xD1E03375774C4880A3032763B6D0B8A2,0x85794056109E4BAE895FE038EC6D21BA),(0xD1E03375774C4880A3032763B6D0B8A2,0xA04FE1A10F514A5FA1894D5291F42478),(0xD1E03375774C4880A3032763B6D0B8A2,0xA184CCA53B9743D58524A396A58C542B);
INSERT INTO arena_slots (arena_id,slot_id) VALUES(0xD1E03375774C4880A3032763B6D0B8A2,0xA4E8740DD24D4E28BF1FEBD9CFEC6DB1),(0xD1E03375774C4880A3032763B6D0B8A2,0xAAAA4EA25ABE453FB81298640EF950C4),(0xD1E03375774C4880A3032763B6D0B8A2,0xB44237AF6E794F16B493F5D474C0E2B3),(0xD1E03375774C4880A3032763B6D0B8A2,0xC9F0BE213D154DEF983F3ECE99BC851E),(0xD1E03375774C4880A3032763B6D0B8A2,0xD1791FBE047D48239F093D259B24CA4E),(0xD1E03375774C4880A3032763B6D0B8A2,0xEE2AF06234D74092BCDC2B5706A20100),(0xD1E03375774C4880A3032763B6D0B8A2,0xF44F24DAECDA47C6A5E4FA4F20E1423C),(0xFF2B7BB437754BB7B7F6327DB99D1F49,0x33A34C2481984B7E8229F4D2A0605BEC),(0xFF2B7BB437754BB7B7F6327DB99D1F49,0x3533381501A549808C9985F56BAD992B),(0xFF2B7BB437754BB7B7F6327DB99D1F49,0x3B57EC487E1345AEAA8AF5D42D1F71C2);
INSERT INTO arena_slots (arena_id,slot_id) VALUES(0xFF2B7BB437754BB7B7F6327DB99D1F49,0x3E8981FEA1C8498D8E373911E66F840A),(0xFF2B7BB437754BB7B7F6327DB99D1F49,0x4595B03BEBE742D9BB8CD396B6BEF40C),(0xFF2B7BB437754BB7B7F6327DB99D1F49,0x759C015D928846B48CBE3D3DF602DF75),(0xFF2B7BB437754BB7B7F6327DB99D1F49,0x7BC1BAA6D8934893A43E1BA8403A2647),(0xFF2B7BB437754BB7B7F6327DB99D1F49,0x85794056109E4BAE895FE038EC6D21BA),(0xFF2B7BB437754BB7B7F6327DB99D1F49,0xA04FE1A10F514A5FA1894D5291F42478),(0xFF2B7BB437754BB7B7F6327DB99D1F49,0xA184CCA53B9743D58524A396A58C542B),(0xFF2B7BB437754BB7B7F6327DB99D1F49,0xA4E8740DD24D4E28BF1FEBD9CFEC6DB1),(0xFF2B7BB437754BB7B7F6327DB99D1F49,0xAAAA4EA25ABE453FB81298640EF950C4),(0xFF2B7BB437754BB7B7F6327DB99D1F49,0xB44237AF6E794F16B493F5D474C0E2B3);
INSERT INTO arena_slots (arena_id,slot_id) VALUES(0xFF2B7BB437754BB7B7F6327DB99D1F49,0xC9F0BE213D154DEF983F3ECE99BC851E),(0xFF2B7BB437754BB7B7F6327DB99D1F49,0xD1791FBE047D48239F093D259B24CA4E),(0xFF2B7BB437754BB7B7F6327DB99D1F49,0xEE2AF06234D74092BCDC2B5706A20100),(0xFF2B7BB437754BB7B7F6327DB99D1F49,0xF44F24DAECDA47C6A5E4FA4F20E1423C),(0xB8529EC037B944728662C9916ADD4D91,0x1DCC1C8A67E14F22A766AAE0E52BDD4D),(0xB8529EC037B944728662C9916ADD4D91,0x7942556C58514E388D244EDD410B15ED);


INSERT INTO branch (id,active_index,created_date,name,status) VALUES(0x00E5C4A777584C7581D0C321C863105E,1,'2023-03-01 14:05:28.032000','BBA','ACTIVE'),(0x18442D40F63A49A09600FDF0DFFE9195,1,'2023-03-01 12:21:05.465000','BTech','ACTIVE');


INSERT INTO course (id,active_index,created_date,name,status,course_type,branch_id) VALUES(0x13FD162833864C229747F3B994B56E4E,1,'2023-03-01 14:11:22.531000','E commerce','ACTIVE','UG',0x00E5C4A777584C7581D0C321C863105E),(0x1885091C1F0D4441BBC6D13029442EF8,1,'2023-03-01 14:08:12.733000','Data science','ACTIVE','UG',0x00E5C4A777584C7581D0C321C863105E),(0x4B6E4CCF3844407CBB1D868754628A2C,1,'2023-03-01 14:06:45.849000','AR','ACTIVE','UG',0x18442D40F63A49A09600FDF0DFFE9195),(0x5F79ECA607F94FA4A1954A93A15D741A,1,'2023-03-01 14:06:31.851000','CSE','ACTIVE','UG',0x18442D40F63A49A09600FDF0DFFE9195),(0xC9C23CE07D42440F96BAE66A56BE7061,1,'2023-03-01 14:07:54.412000','General','ACTIVE','UG',0x00E5C4A777584C7581D0C321C863105E),(0xD27A8AA311ED4C45A0A80EE7FA68F0FC,1,'2023-03-01 14:06:22.766000','AI&DS','ACTIVE','UG',0x18442D40F63A49A09600FDF0DFFE9195);


INSERT INTO roles_tbl (id,active_index,created_date,name,status) VALUES(0x37D986ADDD5A4C2DA3C5F3877215F606,1,'2023-03-01 16:49:37.187000','ADMIN','ACTIVE'),(0x796CBE2434044F3EBBE9939CB0DDF0BD,1,'2023-03-01 16:49:37.183000','STAFF','ACTIVE'),(0xD88CA87F6A404754A5791D777571284F,1,'2023-03-01 16:49:37.184000','STUDENT','ACTIVE'),(0xE85F70ECC4274F9189E544AF962A4F0B,1,'2023-03-01 16:49:37.185000','DBA','ACTIVE'),(0xEBA8FBEE71D041B286A5267593463459,1,'2023-03-01 16:49:37.186000','FACULTY','ACTIVE');
